country_code,country_name,region,colonial_history,width,height,aspect_ratio,hex_colors,color_percentages,unique_colors,most_common_color,has_red,has_blue,has_green,has_yellow,has_white,has_black,has_orange,has_purple,horizontal_symmetry,vertical_symmetry,horizontal_stripes,vertical_stripes,cross,saltire,canton,circle,star,crescent,triangle,emblem,aspect_ratio_category,horizontal_symmetry_level,vertical_symmetry_level,complexity_score
ad,ad,Unknown,Unknown,600,420,1.4285714285714286,"['#0018a7', '#d01039', '#fbdb02', '#be9f68', '#dd681e']","[0.32, 0.32233333333333336, 0.274, 0.06766666666666667, 0.016]",3,red,True,True,False,True,False,False,False,False,0.9546508247743541,0.4394587924058513,False,True,True,False,True,False,True,False,True,True,Other,High,Low,7
ae,United Arab Emirates,Middle East,British,600,300,2.0,"['#01843d', '#fefffe', '#c7102e', '#010101', '#ecefed']","[0.25, 0.222, 0.25, 0.25, 0.028]",4,white,True,False,True,False,True,True,False,False,0.8352941176470589,0.7418300653594772,True,True,True,False,True,False,False,False,False,False,1:2,Medium,Medium,7
af,af,Unknown,Unknown,600,400,1.5,"['#017936', '#d1291b', '#000000', '#648c76', '#e5887f']","[0.3045, 0.23016666666666666, 0.3025, 0.0535, 0.10933333333333334]",4,red,True,False,True,False,False,True,False,False,0.8920030718954248,0.4954939215686275,False,True,True,False,True,False,True,False,True,True,2:3,High,Low,8
ag,ag,Unknown,Unknown,600,400,1.5,"['#efc618', '#cc1226', '#030100', '#fefbfb', '#0e75c0']","[0.052, 0.5038333333333334, 0.25483333333333336, 0.07333333333333333, 0.116]",5,yellow,True,True,False,True,True,True,False,False,0.5813070588235294,0.9979056862745098,True,True,True,False,True,False,False,False,True,False,2:3,Low,High,8
al,al,Unknown,Unknown,600,428,1.4018691588785046,"['#fe0000', '#030000', '#720000', '#b70000', '#3c0000']","[0.8333333333333334, 0.092, 0.023666666666666666, 0.03, 0.021]",2,red,True,False,False,False,False,True,False,False,0.912596084539735,0.9974045262964999,False,False,True,False,False,False,True,False,False,False,Other,High,High,4
am,am,Unknown,Unknown,600,300,2.0,"['#0033a0', '#f2a800', '#d80012', '#113593', '#de9f0c']","[0.3, 0.31666666666666665, 0.3333333333333333, 0.03333333333333333, 0.016666666666666666]",3,blue,True,True,False,True,False,False,False,False,0.6026143790849674,1.0,True,False,True,False,True,False,False,False,False,False,1:2,Low,High,5
ao,ao,Unknown,Unknown,600,400,1.5,"['#f9c800', '#000000', '#cb092e', '#ce820a', '#604d00']","[0.030333333333333334, 0.4658333333333333, 0.479, 0.016166666666666666, 0.008666666666666666]",3,red,True,False,False,True,False,True,False,False,0.699107091503268,0.9605655882352941,True,True,False,False,True,False,True,False,True,False,2:3,Low,High,6
ar,Argentina,South America,Spanish,600,375,1.6,"['#74acdf', '#fdfefe', '#ddb989', '#d3911d', '#ebd9c5']","[0.6666666666666666, 0.29633333333333334, 0.01633333333333333, 0.011666666666666667, 0.009]",4,yellow,True,True,False,True,True,False,False,False,0.9894897417077347,0.9901127668845315,True,False,True,False,True,False,True,False,False,True,3:5,High,High,8
at,Austria,Europe,None,600,400,1.5,"['#fffeff', '#ed2938', '#ee3b49', '#feecef', '#ed2536']","[0.3, 0.6, 0.03333333333333333, 0.03333333333333333, 0.03333333333333333]",2,red,True,False,False,False,True,False,False,False,1.0,1.0,True,False,True,False,True,False,False,False,False,False,2:3,High,High,4
au,Australia,Oceania,British,600,300,2.0,"['#012169', '#f6f2f5', '#e40930', '#d198ae', '#455c91']","[0.7633333333333333, 0.09233333333333334, 0.08666666666666667, 0.028333333333333332, 0.029333333333333333]",4,blue,True,True,False,True,True,False,False,False,0.8028305882352942,0.7978038344226579,True,True,False,False,True,False,True,False,False,True,1:2,Medium,Medium,8
az,az,Unknown,Unknown,600,300,2.0,"['#fef5f6', '#3f9b34', '#00b8e3', '#eb2a3a', '#f8adb3']","[0.011333333333333334, 0.3333333333333333, 0.3333333333333333, 0.31433333333333335, 0.007666666666666666]",5,white,True,True,True,True,True,False,False,False,0.9494754684095861,0.9891895424836601,True,False,False,False,False,False,False,False,False,False,1:2,High,High,6
ba,ba,Unknown,Unknown,600,300,2.0,"['#fdcb00', '#002395', '#edeff7', '#6f82c3', '#7e764a']","[0.24166666666666667, 0.6876666666666666, 0.03166666666666667, 0.022333333333333334, 0.016666666666666666]",4,blue,True,True,False,True,True,False,False,False,0.8095358605664488,0.8741220043572985,False,True,True,False,False,False,False,False,False,False,1:2,Medium,High,6
bb,bb,Unknown,Unknown,600,400,1.5,"['#46370a', '#00257f', '#fec725', '#030300', '#a88c38']","[0.013333333333333334, 0.66, 0.2735, 0.026, 0.027166666666666665]",4,red,True,True,False,True,False,True,False,False,0.9804647712418301,0.9985609150326797,True,True,True,False,True,False,True,False,False,False,2:3,High,High,8
bd,Bangladesh,Asia,British,600,360,1.6666666666666667,"['#f42940', '#006a4d', '#924346', '#3e594a', '#d63242']","[0.19733333333333333, 0.784, 0.008, 0.004, 0.006666666666666667]",3,red,True,False,True,False,False,False,False,False,0.9997724763979666,0.9824116194625998,False,False,False,False,False,False,True,False,False,False,3:5,High,High,4
be,Belgium,Europe,None,600,520,1.1538461538461537,"['#fae042', '#000000', '#ed2839', '#a6952c', '#f6a23e']","[0.32, 0.33, 0.33, 0.01, 0.01]",3,yellow,True,False,False,True,False,True,False,False,1.0,0.5947712418300654,False,True,True,False,True,False,False,False,False,False,Other,High,Low,5
bf,bf,Unknown,Unknown,600,400,1.5,"['#009e49', '#ee2b2d', '#f9cb17', '#93bb2b', '#179745']","[0.473, 0.4886666666666667, 0.019333333333333334, 0.002, 0.017]",3,green,True,False,True,True,False,False,False,False,0.9863180065359477,0.9992466993464052,False,False,False,False,False,False,False,False,False,False,2:3,High,High,3
bg,bg,Unknown,Unknown,600,360,1.6666666666666667,"['#ffffff', '#00956d', '#d52612', '#149e79', '#ebf7f4']","[0.31666666666666665, 0.31666666666666665, 0.3333333333333333, 0.016666666666666666, 0.016666666666666666]",3,white,True,False,True,False,True,False,False,False,0.5633986928104575,1.0,True,False,True,False,True,False,False,False,False,False,3:5,Low,High,5
bh,bh,Unknown,Unknown,600,360,1.6666666666666667,"['#cd1025', '#fefefe', '#eb9fa8', '#dd5968', '#f4c8cd']","[0.665, 0.315, 0.005, 0.01, 0.005]",3,red,True,False,False,True,True,False,False,False,1.0,0.5437254901960784,False,True,True,False,True,False,False,False,False,False,3:5,High,Low,5
bi,bi,Unknown,Unknown,600,360,1.6666666666666667,"['#fdfefd', '#c76362', '#1eb53a', '#cd1125', '#bcccad']","[0.32166666666666666, 0.015, 0.33466666666666667, 0.29533333333333334, 0.03333333333333333]",3,red,True,False,True,False,True,False,False,False,0.983852033405955,0.9932639433551198,True,False,False,False,False,False,True,False,False,True,3:5,High,High,6
bj,bj,Unknown,Unknown,600,400,1.5,"['#fcd115', '#008751', '#e7112c', '#12854d', '#f3c419']","[0.2851666666666667, 0.39, 0.3, 0.01, 0.014833333333333334]",3,yellow,True,False,True,True,False,False,False,False,0.7247058823529412,0.7694117647058824,True,True,False,False,False,False,False,False,False,False,2:3,Medium,Medium,5
bn,bn,Unknown,Unknown,600,300,2.0,"['#c12d27', '#f6df17', '#fefdfb', '#060302', '#cba190']","[0.065, 0.5385, 0.20416666666666666, 0.172, 0.02033333333333333]",4,yellow,True,False,False,True,True,True,False,False,0.6931388235294118,0.7815857952069717,True,False,True,False,True,False,True,False,True,True,1:2,Low,Medium,8
bo,bo,Unknown,Unknown,600,409,1.466992665036675,"['#498370', '#b8a63c', '#d22111', '#01702d', '#eee33c']","[0.010333333333333333, 0.0225, 0.3466666666666667, 0.3385, 0.282]",3,green,True,False,True,True,False,False,False,False,0.9348291682686146,0.9858653179283123,True,False,True,False,True,False,True,False,True,True,2:3,High,High,7
br,Brazil,South America,Portuguese,600,420,1.4285714285714286,"['#072b77', '#fbde01', '#009b39', '#9ec4bd', '#84ad25']","[0.11933333333333333, 0.16416666666666666, 0.678, 0.015, 0.0235]",3,green,False,True,True,True,False,False,False,False,0.9793147214441332,0.9783993152816682,False,True,False,False,False,True,True,False,False,True,Other,High,High,7
bs,bs,Unknown,Unknown,600,300,2.0,"['#00778a', '#fcc62c', '#000000', '#003942', '#765d16']","[0.5676666666666667, 0.21166666666666667, 0.21166666666666667, 0.006, 0.003]",4,blue,True,True,False,True,False,True,False,False,0.999557559912854,0.8127939869281046,True,True,True,False,True,False,True,False,False,False,1:2,High,Medium,8
bt,bt,Unknown,Unknown,600,400,1.5,"['#fe4e12', '#fed420', '#eae9e7', '#e7c090', '#ee7a4b']","[0.3893333333333333, 0.43166666666666664, 0.12133333333333333, 0.0375, 0.020166666666666666]",3,red,True,False,False,True,True,False,False,False,0.7596608823529412,0.7298672875816994,True,True,False,False,True,False,True,False,True,True,2:3,Medium,Medium,7
bw,bw,Unknown,Unknown,600,400,1.5,"['#6ca8d1', '#000000', '#f4f4f4', '#b5d3e9', '#141414']","[0.7333333333333333, 0.13333333333333333, 0.06666666666666667, 0.03333333333333333, 0.03333333333333333]",3,blue,False,True,False,False,True,True,False,False,1.0,1.0,True,False,True,False,False,False,False,False,False,False,2:3,High,High,5
by,by,Unknown,Unknown,600,300,2.0,"['#d12730', '#009638', '#e8a7a9', '#dd696f', '#f9e4e5']","[0.622, 0.29333333333333333, 0.029833333333333333, 0.0295, 0.025333333333333333]",4,red,True,False,True,True,True,False,False,False,0.4180280610021786,0.8955785620915033,False,True,False,False,False,False,True,False,True,True,1:2,Low,High,7
bz,bz,Unknown,Unknown,600,360,1.6666666666666667,"['#181695', '#d60f1a', '#b3c0a3', '#ecefeb', '#6b8b42']","[0.6403333333333333, 0.2, 0.05733333333333333, 0.059166666666666666, 0.043166666666666666]",5,blue,True,True,True,False,True,False,False,False,0.948098547567175,0.9599766158315178,True,True,True,False,True,False,True,False,True,True,3:5,High,High,10
ca,Canada,North America,British,600,300,2.0,"['#d52b1e', '#fefefe', '#e16b62', '#eda6a1', '#fbeae9']","[0.625, 0.32616666666666666, 0.010666666666666666, 0.010333333333333333, 0.027833333333333335]",3,red,True,False,False,True,True,False,False,False,0.9696121132897604,0.9975311546840958,True,True,False,False,False,False,True,False,False,False,1:2,High,High,6
cd,cd,Unknown,Unknown,600,450,1.3333333333333333,"['#ce1020', '#007ffe', '#f4d41a', '#7daa89', '#e2731c']","[0.191, 0.6588333333333334, 0.10866666666666666, 0.023166666666666665, 0.018333333333333333]",4,red,True,True,False,True,False,False,False,False,0.7273733333333333,0.727477850399419,False,False,False,False,False,False,False,False,False,False,Other,Medium,Medium,4
cf,cf,Unknown,Unknown,600,400,1.5,"['#d20f33', '#fcfbfb', '#033081', '#fccc00', '#2b9629']","[0.16, 0.21, 0.19933333333333333, 0.21866666666666668, 0.212]",5,red,True,True,True,True,True,False,False,False,0.5941760130718954,0.9885812418300653,True,True,True,False,True,False,True,False,False,False,2:3,Low,High,9
cg,cg,Unknown,Unknown,600,400,1.5,"['#fadd49', '#009543', '#dc241f', '#7bb846', '#eb7f34']","[0.327, 0.33, 0.33, 0.0065, 0.0065]",3,green,True,False,True,True,False,False,False,False,0.7408104575163399,0.7359117647058824,False,True,False,False,True,False,False,False,False,False,2:3,Medium,Medium,4
ch,Switzerland,Europe,None,600,600,1.0,"['#fefeff', '#d9281b', '#e67169', '#f1ada8', '#f5c7c3']","[0.18133333333333335, 0.786, 0.012, 0.014, 0.006666666666666667]",3,red,True,False,False,True,True,False,False,False,1.0,1.0,True,True,True,False,True,False,False,False,False,False,1:1 (Square),High,High,6
ci,Ivory Coast,Africa,French,600,400,1.5,"['#ffffff', '#f77e00', '#009d5f', '#a9deca', '#fcd4a9']","[0.32, 0.33, 0.33, 0.01, 0.01]",4,green,True,False,True,True,True,False,False,False,1.0,0.8849673202614379,False,True,True,False,True,False,False,False,False,False,2:3,High,High,6
cl,Chile,South America,Spanish,600,400,1.5,"['#fefefe', '#d42b1e', '#0138a5', '#a9bce0', '#587cc4']","[0.3388333333333333, 0.5, 0.15, 0.007166666666666667, 0.004]",3,blue,True,True,False,False,True,False,False,False,0.2973661437908497,0.9338126797385621,True,True,False,False,True,False,False,False,False,False,2:3,Low,High,5
cm,Cameroon,Africa,French/British,600,400,1.5,"['#ce1025', '#007a5e', '#fcd115', '#df5920', '#893439']","[0.30333333333333334, 0.33, 0.341, 0.015666666666666666, 0.01]",3,red,True,False,True,True,False,False,False,False,0.9932803921568627,0.641244183006536,False,True,True,False,True,False,False,False,False,False,2:3,High,Low,5
cn,China,Asia,None,600,400,1.5,"['#ed1b25', '#fbca08', '#f68f12', '#f2531b', '#fefd00']","[0.9656666666666667, 0.006333333333333333, 0.006, 0.0075, 0.0145]",2,red,True,False,False,True,False,False,False,False,0.9744233333333333,0.9744233333333333,False,False,False,False,False,False,True,False,False,False,2:3,High,High,3
co,Colombia,South America,Spanish,600,400,1.5,"['#fcd115', '#003793', '#cd1126', '#113c89', '#e7c520']","[0.48333333333333334, 0.21666666666666667, 0.25, 0.03333333333333333, 0.016666666666666666]",3,yellow,True,True,False,True,False,False,False,False,0.45882352941176474,1.0,True,False,False,False,True,False,False,False,False,False,2:3,Low,High,4
cr,cr,Unknown,Unknown,600,360,1.6666666666666667,"['#ce1327', '#fcfbfb', '#022c7f', '#657048', '#baaba9']","[0.29733333333333334, 0.3445, 0.33566666666666667, 0.008666666666666666, 0.013833333333333333]",5,red,True,True,True,False,True,False,False,False,0.9900425199709514,0.9638990922294843,True,True,True,False,True,False,True,False,True,True,3:5,High,High,10
cu,cu,Unknown,Unknown,600,300,2.0,"['#eceaf2', '#022b8f', '#cd142b', '#e27280', '#fefefe']","[0.05533333333333333, 0.487, 0.1995, 0.006666666666666667, 0.2515]",3,white,True,True,False,False,True,False,False,False,0.992798082788671,0.8829800435729848,True,True,False,False,True,False,True,False,False,False,1:2,High,High,6
cv,cv,Unknown,Unknown,600,352,1.7045454545454546,"['#003893', '#f9f7f7', '#d0262d', '#eace39', '#3a5f8c']","[0.715, 0.159, 0.08333333333333333, 0.014666666666666666, 0.028]",4,blue,True,True,False,True,True,False,False,False,0.7753220068330362,0.9804372029114676,True,False,False,False,True,False,False,False,False,True,Other,Medium,High,6
cy,cy,Unknown,Unknown,600,400,1.5,"['#d57801', '#fefefe', '#e3a75a', '#7f886a', '#d2cdb9']","[0.07933333333333334, 0.8756666666666667, 0.010166666666666666, 0.012333333333333333, 0.0225]",4,gray,True,False,False,True,True,False,False,False,0.9342342156862745,0.9590665032679738,True,True,True,False,False,False,True,False,False,True,2:3,High,High,9
cz,Czech Republic,Europe,None,600,400,1.5,"['#fefefe', '#d6141a', '#11457e', '#849fbc', '#732c4c']","[0.3725, 0.3725, 0.245, 0.005, 0.005]",3,red,True,True,False,False,True,False,False,False,0.48244117647058826,0.7045849673202614,True,True,True,False,True,False,False,False,False,False,2:3,Low,Medium,6
de,Germany,Europe,None,600,360,1.6666666666666667,"['#dd0000', '#000000', '#fecd00', '#cc0000', '#100000']","[0.31666666666666665, 0.31666666666666665, 0.3333333333333333, 0.016666666666666666, 0.016666666666666666]",3,red,True,False,False,True,False,True,False,False,0.8457516339869281,1.0,True,False,False,False,True,False,False,False,False,False,3:5,Medium,High,4
dj,dj,Unknown,Unknown,600,400,1.5,"['#6ab2e6', '#12ad2b', '#fefefe', '#da262b', '#bbcfbe']","[0.3541666666666667, 0.3541666666666667, 0.2663333333333333, 0.014333333333333333, 0.011]",5,blue,True,True,True,False,True,False,False,False,0.8502868954248366,0.7348880718954248,False,True,True,False,True,False,True,False,False,False,2:3,High,Medium,8
dk,Denmark,Europe,None,600,454,1.3215859030837005,"['#c50c30', '#ffffff', '#e696a5', '#d6516b', '#c30328']","[0.688, 0.22, 0.009, 0.03766666666666667, 0.04533333333333334]",2,red,True,False,False,False,True,False,False,False,0.9961878437131093,0.8670141948115516,True,True,True,False,True,False,False,False,False,False,Other,High,High,5
dm,dm,Unknown,Unknown,600,300,2.0,"['#016a3f', '#fad016', '#fcfbfb', '#a94b42', '#020101']","[0.6461666666666667, 0.07266666666666667, 0.07233333333333333, 0.13883333333333334, 0.07]",5,green,True,False,True,True,True,True,False,False,0.8832032679738562,0.9545159477124183,True,True,True,False,False,False,True,False,False,True,1:2,High,High,10
do,do,Unknown,Unknown,600,400,1.5,"['#fdfcfd', '#457854', '#cd1126', '#002d62', '#c1b1b6']","[0.27266666666666667, 0.007166666666666667, 0.3476666666666667, 0.3446666666666667, 0.027833333333333335]",5,white,True,True,True,False,True,False,False,False,0.6399758823529411,0.6431856209150326,True,True,True,False,True,False,True,False,True,True,2:3,Low,Low,10
dz,Algeria,Africa,French,600,400,1.5,"['#006233', '#fefefe', '#d31337', '#ea9ba9', '#832e33']","[0.458, 0.4736666666666667, 0.051333333333333335, 0.009, 0.008]",4,red,True,False,True,True,True,False,False,False,0.9985350653594771,0.7368925816993463,False,True,False,False,True,False,True,False,False,False,2:3,High,Medium,6
ec,ec,Unknown,Unknown,600,400,1.5,"['#fddb01', '#07509f', '#eb1c24', '#727146', '#9abcbe']","[0.4723333333333333, 0.21883333333333332, 0.25533333333333336, 0.04533333333333334, 0.008166666666666666]",3,blue,True,True,False,True,False,False,False,False,0.5120496405228758,0.9744748039215686,True,False,False,False,True,False,True,False,True,True,2:3,Low,High,6
ee,ee,Unknown,Unknown,600,381,1.5748031496062993,"['#000000', '#fffeff', '#0071cd', '#dbdcdc', '#050b0f']","[0.3, 0.31666666666666665, 0.3333333333333333, 0.016666666666666666, 0.03333333333333333]",3,black,False,True,False,False,True,True,False,False,0.7580598555211558,1.0,True,False,True,False,True,False,False,False,False,False,Other,Medium,High,5
eg,Egypt,Africa,British,600,400,1.5,"['#fdfcfc', '#ce1126', '#010101', '#d2b148', '#e9dbaf']","[0.29683333333333334, 0.3333333333333333, 0.3333333333333333, 0.017333333333333333, 0.019166666666666665]",4,yellow,True,False,False,True,True,True,False,False,0.7885643464052288,0.9944057843137255,True,False,True,False,True,False,True,False,False,True,2:3,Medium,High,8
er,er,Unknown,Unknown,600,300,2.0,"['#4188dc', '#d3473d', '#13ac2b', '#ea0437', '#fcad28']","[0.24833333333333332, 0.03816666666666667, 0.24833333333333332, 0.4056666666666667, 0.0595]",4,red,True,True,True,True,False,False,False,False,0.4920312418300654,0.5779521132897604,False,True,False,False,False,False,True,False,False,True,1:2,Low,Low,7
es,Spain,Europe,None,600,400,1.5,"['#fec200', '#c60b1d', '#b29e9e', '#9b4f18', '#be961c']","[0.43483333333333335, 0.504, 0.013833333333333333, 0.0295, 0.017833333333333333]",4,red,True,False,False,True,False,False,False,False,0.9671465359477124,0.9309202614379085,True,True,True,False,True,False,True,False,True,True,2:3,High,High,9
et,et,Unknown,Unknown,600,300,2.0,"['#798563', '#d9121a', '#078930', '#f9db0a', '#1047ad']","[0.034166666666666665, 0.29833333333333334, 0.29933333333333334, 0.23916666666666667, 0.129]",4,green,True,True,True,True,False,False,False,False,0.9560725054466231,0.9932811328976034,True,True,False,False,False,False,True,False,False,False,1:2,High,High,7
fi,Finland,Europe,None,600,366,1.639344262295082,"['#feffff', '#00347f', '#becbde', '#8ca4c5', '#d1dae8']","[0.574, 0.384, 0.0205, 0.007666666666666666, 0.013833333333333333]",2,blue,False,True,False,False,True,False,False,False,0.9975178042072931,0.9519987499553555,True,True,True,False,True,False,False,False,False,False,3:5,High,High,5
fj,fj,Unknown,Unknown,600,300,2.0,"['#69b2e4', '#c6152d', '#122f6c', '#f2eaed', '#d8916e']","[0.6713333333333333, 0.1125, 0.07683333333333334, 0.1, 0.03933333333333333]",3,blue,True,True,False,False,True,False,False,False,0.6971832244008714,0.7247867102396515,True,False,False,False,True,False,True,False,True,True,1:2,Low,Medium,6
fm,fm,Unknown,Unknown,600,315,1.9047619047619047,"['#74b1dc', '#ddecf6', '#b6d6ed', '#fcfdfe', '#92c2e4']","[0.9646666666666667, 0.005, 0.008333333333333333, 0.014666666666666666, 0.007333333333333333]",2,blue,False,True,False,False,True,False,False,False,0.9954277923483619,0.998196451914099,False,False,False,False,False,False,False,False,False,False,Other,High,High,2
fr,France,Europe,None,600,400,1.5,"['#fefefe', '#04133f', '#eb181f', '#f9b2b4', '#abb0bf']","[0.32, 0.33, 0.33, 0.01, 0.01]",5,white,True,True,False,True,True,False,False,False,1.0,0.5084967320261438,False,True,True,False,True,False,False,False,False,False,2:3,High,Low,7
ga,ga,Unknown,Unknown,600,450,1.3333333333333333,"['#fcd115', '#3974c4', '#019e5f', '#eacb1f', '#497bb5']","[0.3, 0.31666666666666665, 0.3333333333333333, 0.03333333333333333, 0.016666666666666666]",3,yellow,False,True,True,True,False,False,False,False,0.3411764705882353,1.0,True,False,True,False,True,False,False,False,False,False,Other,Low,High,5
gb,United Kingdom,Europe,None,600,300,2.0,"['#c81331', '#fcf9fa', '#022169', '#d1a7b8', '#546999']","[0.368, 0.31, 0.262, 0.034, 0.026]",4,blue,True,True,False,True,True,False,False,False,0.9032515032679739,0.8988302396514161,True,True,True,False,False,False,False,False,False,True,1:2,High,High,8
gd,gd,Unknown,Unknown,600,360,1.6666666666666667,"['#017a5d', '#ce1125', '#fbd115', '#5c7244', '#dc881f']","[0.26516666666666666, 0.37966666666666665, 0.2765, 0.026, 0.05266666666666667]",3,green,True,False,True,True,False,False,False,False,0.9819128177196804,0.9831219680464779,True,True,False,False,False,False,False,False,True,True,3:5,High,High,6
ge,ge,Unknown,Unknown,600,400,1.5,"['#ff0000', '#fffdfd', '#ff5b5b', '#ff9d9d', '#ff1919']","[0.298, 0.6266666666666667, 0.028, 0.008666666666666666, 0.03866666666666667]",3,red,True,False,False,True,True,False,False,False,0.997975816993464,0.9981344444444444,True,True,True,False,True,False,False,False,False,False,2:3,High,High,6
gh,Ghana,Africa,British,600,400,1.5,"['#facf16', '#016b3e', '#ce1125', '#040400', '#8c740c']","[0.30266666666666664, 0.3333333333333333, 0.3333333333333333, 0.021666666666666667, 0.009]",4,red,True,False,True,True,False,True,False,False,0.9707863398692811,0.998987385620915,True,True,True,False,True,False,True,False,True,False,2:3,High,High,8
gm,gm,Unknown,Unknown,600,400,1.5,"['#fbf9f9', '#3a7728', '#ce1126', '#0a1a8b', '#5f6ab1']","[0.1, 0.3333333333333333, 0.3333333333333333, 0.2, 0.03333333333333333]",4,blue,True,True,True,False,True,False,False,False,0.36464705882352944,1.0,True,False,False,False,False,False,False,False,False,False,2:3,Low,High,5
gn,gn,Unknown,Unknown,600,400,1.5,"['#fcd115', '#009360', '#cd1026', '#a7bc2f', '#ed901a']","[0.32, 0.33, 0.33, 0.01, 0.01]",3,green,True,False,True,True,False,False,False,False,1.0,0.388235294117647,False,True,True,False,True,False,False,False,False,False,2:3,High,Low,5
gq,gq,Unknown,Unknown,600,400,1.5,"['#c0c4af', '#e22119', '#3e9a02', '#0173cc', '#fcfbfb']","[0.0155, 0.306, 0.309, 0.12433333333333334, 0.24516666666666667]",5,gray,True,True,True,False,True,False,False,False,0.9439201307189542,0.8892147712418301,True,True,True,False,True,False,True,False,True,True,2:3,High,High,10
gr,Greece,Europe,None,600,400,1.5,"['#fdfdfe', '#0b5cae', '#5d93c9', '#adc9e4', '#246db6']","[0.39566666666666667, 0.476, 0.058833333333333335, 0.031, 0.0385]",2,blue,False,True,False,False,True,False,False,False,0.8847982352941176,0.8765932026143791,True,True,False,False,False,False,False,False,False,False,2:3,High,High,4
gt,gt,Unknown,Unknown,600,375,1.6,"['#fefefe', '#4896cf', '#7f905e', '#c9dde8', '#cccd9d']","[0.2776666666666667, 0.66, 0.015833333333333335, 0.0285, 0.018]",3,white,False,True,True,False,True,False,False,False,0.974852434378386,0.9822035032679739,False,True,True,False,True,False,True,False,False,True,3:5,High,High,7
gw,gw,Unknown,Unknown,600,300,2.0,"['#fbd016', '#009e48', '#cd1025', '#130103', '#456f3c']","[0.335, 0.33, 0.314, 0.016, 0.005]",4,green,True,False,True,True,False,True,False,False,0.7295966884531591,0.5361032679738562,True,True,False,False,True,False,False,False,False,False,1:2,Medium,Low,6
gy,gy,Unknown,Unknown,600,360,1.6666666666666667,"['#f9d019', '#029e4a', '#cb1225', '#eff5e5', '#110703']","[0.16733333333333333, 0.501, 0.19766666666666666, 0.081, 0.053]",5,yellow,True,False,True,True,True,True,False,False,0.9999996368917937,0.5547569353667393,False,True,True,False,True,False,False,False,False,False,3:5,High,Low,7
hn,hn,Unknown,Unknown,600,300,2.0,"['#0c3a98', '#fefefe', '#6a87c0', '#e6ebf4', '#204aa1']","[0.6366666666666667, 0.28, 0.004666666666666667, 0.044333333333333336, 0.034333333333333334]",2,blue,False,True,False,False,True,False,False,False,0.9940247930283225,0.9986844008714597,True,False,True,False,True,False,False,False,False,False,1:2,High,High,4
hr,hr,Unknown,Unknown,600,300,2.0,"['#fdfbfc', '#011589', '#c7112f', '#c5818b', '#1da5d6']","[0.29833333333333334, 0.32966666666666666, 0.33, 0.031, 0.011]",3,blue,True,True,False,False,True,False,False,False,0.8374572549019608,0.9879499782135076,True,False,True,False,True,False,True,False,False,True,1:2,Medium,High,7
ht,ht,Unknown,Unknown,600,360,1.6666666666666667,"['#d11034', '#00209e', '#faf8f5', '#62753c', '#afa6b4']","[0.475, 0.47683333333333333, 0.0175, 0.016666666666666666, 0.014]",5,red,True,True,True,False,True,False,False,False,0.17917824981844588,0.9930179738562092,True,False,True,False,True,False,False,False,False,True,3:5,Low,High,8
hu,Hungary,Europe,None,600,300,2.0,"['#fffeff', '#477050', '#cd2838', '#f5f1ef', '#d23949']","[0.3, 0.3333333333333333, 0.31666666666666665, 0.03333333333333333, 0.016666666666666666]",3,white,True,False,True,False,True,False,False,False,0.3411764705882353,1.0,True,False,True,False,True,False,False,False,False,False,1:2,Low,High,5
id,Indonesia,Asia,Dutch,600,400,1.5,"['#ff0000', '#ffffff', '#ff1414', '#ffebeb']","[0.48333333333333334, 0.48333333333333334, 0.016666666666666666, 0.016666666666666666]",2,red,True,False,False,False,True,False,False,False,0.6980392156862745,1.0,True,False,False,False,True,False,False,False,False,False,2:3,Low,High,3
ie,Ireland,Europe,British,600,300,2.0,"['#fefeff', '#fe8100', '#009943', '#ffd5a9', '#a9ddc0']","[0.32, 0.33, 0.33, 0.01, 0.01]",4,green,True,False,True,True,True,False,False,False,1.0,0.4745098039215686,False,True,True,False,True,False,False,False,False,False,1:2,High,Low,6
il,Israel,Middle East,British,600,436,1.3761467889908257,"['#0036b7', '#fefefe', '#91aae0', '#1b4dbf', '#e9eef9']","[0.29133333333333333, 0.5771666666666667, 0.049666666666666665, 0.042666666666666665, 0.03916666666666667]",2,blue,False,True,False,False,True,False,False,False,0.9873875697067818,0.9985152305570546,True,True,False,False,False,False,True,False,True,False,Other,High,High,5
in,India,Asia,British,600,400,1.5,"['#b0b1d9', '#128807', '#fe9933', '#fcfdfc', '#32329e']","[0.024, 0.3333333333333333, 0.3333333333333333, 0.28933333333333333, 0.02]",4,blue,False,True,True,True,True,False,True,False,0.770967385620915,0.9937920261437908,True,True,True,False,False,True,True,False,False,True,2:3,Medium,High,10
iq,Iraq,Middle East,British,600,400,1.5,"['#fdfcfc', '#010101', '#ce1126', '#268d58', '#b7d9c8']","[0.2956666666666667, 0.3333333333333333, 0.3333333333333333, 0.0235, 0.014166666666666666]",4,green,True,False,True,False,True,True,False,False,0.7817548366013072,0.9853430718954248,True,False,True,False,True,False,True,False,False,False,2:3,Medium,High,7
ir,Iran,Middle East,None,600,342,1.7543859649122806,"['#fefefe', '#da0202', '#259f41', '#ec7c7c', '#91ce9f']","[0.31716666666666665, 0.2826666666666667, 0.2843333333333333, 0.06683333333333333, 0.049]",3,red,True,False,True,False,True,False,False,False,0.8613707908114513,0.9812665214233842,True,False,True,False,True,False,True,False,True,True,Other,High,High,7
is,is,Unknown,Unknown,600,432,1.3888888888888888,"['#003086', '#f0a8b9', '#d50232', '#fcfafb', '#a9b9d7']","[0.644, 0.030666666666666665, 0.172, 0.12533333333333332, 0.028]",4,blue,True,True,False,True,True,False,False,False,1.0,0.8799477124183006,True,True,True,False,False,False,False,False,False,False,Other,High,High,7
it,Italy,Europe,None,600,400,1.5,"['#fffeff', '#cc2029', '#008b44', '#eeb4b6', '#a9d8bf']","[0.32, 0.33, 0.33, 0.01, 0.01]",4,green,True,False,True,True,True,False,False,False,1.0,0.9869281045751634,False,True,True,False,True,False,False,False,False,False,2:3,High,High,6
jm,jm,Unknown,Unknown,600,300,2.0,"['#feb81b', '#2d2925', '#007748', '#c59e22', '#73792c']","[0.311, 0.32266666666666666, 0.32266666666666666, 0.022333333333333334, 0.021333333333333333]",3,yellow,False,False,True,True,False,True,False,False,0.9999776906318083,0.9946544662309368,False,False,False,False,False,False,False,False,False,False,1:2,High,High,3
jo,jo,Unknown,Unknown,600,300,2.0,"['#010000', '#fcfcfc', '#cc1126', '#017a3d', '#e37d88']","[0.2771666666666667, 0.19566666666666666, 0.24433333333333335, 0.2771666666666667, 0.005666666666666667]",4,red,True,False,True,False,True,True,False,False,0.6113861873638344,0.7717966448801743,True,True,True,False,True,False,False,False,False,False,1:2,Low,Medium,7
jp,Japan,Asia,None,600,400,1.5,"['#fefefe', '#bb002c', '#e9acba', '#d35b77', '#c42147']","[0.8053333333333333, 0.17733333333333334, 0.006, 0.004666666666666667, 0.006666666666666667]",3,red,True,False,False,True,True,False,False,False,0.997278202614379,0.9983614052287582,True,True,True,False,True,True,True,False,False,False,2:3,High,High,8
ke,Kenya,Africa,British,600,400,1.5,"['#ba0202', '#026601', '#f5f1f0', '#020101', '#cf8d8a']","[0.29333333333333333, 0.2916666666666667, 0.09616666666666666, 0.3, 0.018833333333333334]",4,red,True,False,True,False,True,True,False,False,0.5525795098039216,0.997283954248366,True,False,False,False,True,False,True,False,True,True,2:3,Low,High,7
kg,kg,Unknown,Unknown,600,360,1.6666666666666667,"['#ee2736', '#fdd702', '#f57b1d', '#f9ab0f', '#f14f2a']","[0.8616666666666667, 0.04716666666666667, 0.025833333333333333, 0.033166666666666664, 0.03216666666666667]",2,red,True,False,False,True,False,False,False,False,0.9542607480029048,0.9699904502541757,False,True,True,False,False,False,True,False,True,True,3:5,High,High,6
kh,kh,Unknown,Unknown,600,384,1.5625,"['#a7636e', '#042da0', '#de0025', '#b5afb0', '#dedfdf']","[0.014, 0.5, 0.3935, 0.05566666666666667, 0.036833333333333336]",4,red,True,True,False,False,True,False,False,False,0.9428391884531591,0.9833091639433551,True,True,True,False,True,False,True,False,True,True,Other,High,High,9
ki,ki,Unknown,Unknown,600,300,2.0,"['#e7bc01', '#193171', '#c71210', '#faf9f9', '#8d94b3']","[0.066, 0.21266666666666667, 0.451, 0.22466666666666665, 0.04566666666666667]",5,yellow,True,True,False,True,True,False,False,False,0.7532479302832245,0.9801779520697168,True,True,True,False,True,False,True,False,True,True,1:2,Medium,High,10
km,km,Unknown,Unknown,600,360,1.6666666666666667,"['#cc1227', '#3d76c1', '#fcfcfa', '#fec61e', '#3f8f35']","[0.15666666666666668, 0.22483333333333333, 0.18433333333333332, 0.21833333333333332, 0.21583333333333332]",5,red,True,True,True,True,True,False,False,False,0.625632098765432,0.7856730573710966,True,False,False,False,False,False,True,False,False,False,3:5,Low,Medium,7
kn,kn,Unknown,Unknown,600,400,1.5,"['#030201', '#f1c916', '#039d49', '#cc1325', '#ececec']","[0.291, 0.10966666666666666, 0.2856666666666667, 0.2853333333333333, 0.028333333333333332]",5,black,True,False,True,True,True,True,False,False,0.6138403267973855,0.6136980392156863,True,True,False,False,False,False,False,False,False,False,2:3,Low,Low,7
kp,kp,Unknown,Unknown,600,300,2.0,"['#ec1b26', '#0350a2', '#f6fafd', '#fbb4b7', '#f2636b']","[0.5386666666666666, 0.3333333333333333, 0.07633333333333334, 0.041166666666666664, 0.0105]",4,red,True,True,False,True,True,False,False,False,0.9872660566448802,0.9339928540305011,True,True,False,False,False,False,True,False,False,False,1:2,High,High,7
kr,kr,Unknown,Unknown,600,400,1.5,"['#fefefe', '#124993', '#ca2f3c', '#0a0a0a', '#a8a3a8']","[0.7605, 0.07616666666666666, 0.06383333333333334, 0.06166666666666667, 0.03783333333333333]",5,white,True,True,False,False,True,True,False,False,0.9814959803921569,0.9836835620915033,True,True,True,False,False,False,True,False,False,True,2:3,High,High,10
kw,kw,Unknown,Unknown,600,300,2.0,"['#007a3d', '#fffffe', '#cd1126', '#010000', '#f1efee']","[0.2916666666666667, 0.222, 0.2916666666666667, 0.16666666666666666, 0.028]",4,white,True,False,True,False,True,True,False,False,0.9914901960784314,0.880474945533769,True,True,True,False,True,False,False,False,False,False,1:2,High,High,7
kz,kz,Unknown,Unknown,600,300,2.0,"['#42b498', '#00afc9', '#f9c40d', '#b0be45', '#7eb96b']","[0.033166666666666664, 0.8596666666666667, 0.030833333333333334, 0.0375, 0.03883333333333333]",3,green,False,True,True,True,False,False,False,False,0.9659308496732026,0.920734422657952,False,False,False,False,False,False,True,False,True,True,1:2,High,High,5
la,la,Unknown,Unknown,600,400,1.5,"['#cd1126', '#012767', '#fefefe', '#5c759e', '#cfd6e2']","[0.5, 0.41133333333333333, 0.078, 0.006666666666666667, 0.004]",3,blue,True,True,False,False,True,False,False,False,0.9999841176470589,0.9994375816993464,True,True,True,False,False,False,True,False,False,False,2:3,High,High,7
lb,lb,Unknown,Unknown,600,400,1.5,"['#ed1d24', '#fefdfd', '#05a652', '#59c48c', '#b8e5ce']","[0.5, 0.4141666666666667, 0.052833333333333336, 0.0185, 0.0145]",3,green,True,False,True,False,True,False,False,False,0.9756727124183007,0.9775532352941176,True,True,False,False,True,False,True,False,True,True,2:3,High,High,7
lc,lc,Unknown,Unknown,600,300,2.0,"['#060504', '#66ccfe', '#7a6f3f', '#e6f0f3', '#f9d01a']","[0.032, 0.8603333333333333, 0.007666666666666666, 0.03233333333333333, 0.06766666666666667]",5,black,True,True,False,True,True,True,False,False,0.8632906318082789,0.9964632679738562,False,True,False,False,False,False,False,False,False,False,1:2,High,High,6
li,li,Unknown,Unknown,600,360,1.6666666666666667,"['#002a7e', '#cd1126', '#ceaf31', '#7a6b27', '#0f0e0b']","[0.46, 0.5, 0.017166666666666667, 0.017833333333333333, 0.005]",4,red,True,True,False,True,False,True,False,False,0.1616575889615105,0.9469612926652142,False,False,False,False,False,False,True,False,False,True,3:5,Low,High,6
lk,lk,Unknown,Unknown,600,300,2.0,"['#bd7e29', '#891637', '#06534c', '#fcbd28', '#ec7501']","[0.09816666666666667, 0.31666666666666665, 0.104, 0.37716666666666665, 0.104]",3,red,True,False,True,True,False,False,False,False,0.9274520261437909,0.5968585620915032,True,True,False,False,False,False,True,False,False,True,1:2,High,Low,7
lr,lr,Unknown,Unknown,600,315,1.9047619047619047,"['#be082f', '#fefefe', '#032968', '#efc9d2', '#dfa1b1']","[0.44, 0.30816666666666664, 0.09633333333333334, 0.0955, 0.06]",4,white,True,True,False,True,True,False,False,False,0.8489398859331418,0.874825230833074,True,True,False,False,True,False,False,False,False,False,Other,Medium,High,6
ls,ls,Unknown,Unknown,600,400,1.5,"['#131313', '#fcfdfd', '#01209f', '#019543', '#8b8b8b']","[0.030333333333333334, 0.35983333333333334, 0.3, 0.3, 0.009833333333333333]",5,black,False,True,True,False,True,True,False,False,0.5010258496732026,0.9948266993464052,True,True,True,False,True,False,True,False,True,True,2:3,Low,High,10
lt,lt,Unknown,Unknown,600,360,1.6666666666666667,"['#036a38', '#bd3a33', '#feb81b', '#156b36', '#eab21e']","[0.3, 0.3333333333333333, 0.31666666666666665, 0.03333333333333333, 0.016666666666666666]",3,green,True,False,True,True,False,False,False,False,0.7647058823529411,1.0,True,False,True,False,True,False,False,False,False,False,3:5,Medium,High,5
lu,lu,Unknown,Unknown,600,360,1.6666666666666667,"['#fdfefe', '#ef323f', '#00a3e0', '#fdeff0', '#ef434f']","[0.31666666666666665, 0.31666666666666665, 0.3333333333333333, 0.016666666666666666, 0.016666666666666666]",3,white,True,True,False,False,True,False,False,False,0.3620915032679739,1.0,True,False,True,False,True,False,False,False,False,False,3:5,Low,High,5
lv,lv,Unknown,Unknown,600,300,2.0,"['#9c1f31', '#fffefe', '#a53345', '#f7edef', '#9c2235']","[0.03333333333333333, 0.16666666666666666, 0.03333333333333333, 0.03333333333333333, 0.7333333333333333]",2,red,True,False,False,False,True,False,False,False,1.0,1.0,True,False,True,False,True,False,False,False,False,False,1:2,High,High,4
ly,ly,Unknown,Unknown,600,300,2.0,"['#e50012', '#000000', '#229d45', '#e6e6e6', '#676767']","[0.25, 0.484, 0.25, 0.009333333333333334, 0.006666666666666667]",5,red,True,False,True,False,True,True,False,False,0.5757096296296296,0.9900479302832244,True,False,False,False,False,False,True,False,False,False,1:2,Low,High,7
ma,Morocco,Africa,French,600,400,1.5,"['#b7302b', '#046341', '#425039', '#7d4032', '#1d5a3d']","[0.958, 0.012666666666666666, 0.010666666666666666, 0.009666666666666667, 0.009]",4,green,True,False,True,False,False,False,False,False,0.9745962091503269,0.9988953594771242,False,False,False,False,False,False,False,False,False,False,2:3,High,High,4
mc,mc,Unknown,Unknown,600,480,1.25,"['#cd1126', '#feffff', '#d12337', '#faecee', '#cd0d22']","[0.4666666666666667, 0.48333333333333334, 0.016666666666666666, 0.016666666666666666, 0.016666666666666666]",2,red,True,False,False,False,True,False,False,False,0.6980392156862745,1.0,True,False,False,False,True,False,False,False,False,False,Other,Low,High,3
md,md,Unknown,Unknown,600,300,2.0,"['#6a512f', '#003ca4', '#fed100', '#c7102d', '#be8f1c']","[0.04416666666666667, 0.33416666666666667, 0.23916666666666667, 0.3368333333333333, 0.04566666666666667]",3,red,True,True,False,True,False,False,False,False,0.9641122440087146,0.34866544662309373,False,True,True,False,True,False,True,False,True,True,1:2,High,Low,7
me,me,Unknown,Unknown,600,300,2.0,"['#d2aa39', '#c30308', '#c48832', '#617661', '#c7501f']","[0.16883333333333334, 0.7403333333333333, 0.035666666666666666, 0.010333333333333333, 0.044833333333333336]",3,red,True,False,False,True,False,False,False,False,0.9439713725490196,0.9750647930283225,True,True,False,False,False,False,True,False,True,True,1:2,High,High,7
mg,mg,Unknown,Unknown,600,400,1.5,"['#fb3d31', '#fefefe', '#007d39', '#56a87c', '#fc7e77']","[0.33, 0.33, 0.33, 0.005, 0.005]",3,red,True,False,True,False,True,False,False,False,0.9058823529411765,0.592156862745098,False,True,True,False,True,False,False,False,False,False,2:3,High,Low,5
mh,mh,Unknown,Unknown,600,315,1.9047619047619047,"['#003086', '#fcfbfb', '#e17207', '#aab2c7', '#486096']","[0.715, 0.11916666666666667, 0.10383333333333333, 0.0305, 0.0315]",4,blue,True,True,False,False,True,False,False,False,0.769966737438075,0.8169849569457412,True,True,False,False,False,False,False,False,False,True,Other,Medium,Medium,7
mk,mk,Unknown,Unknown,600,300,2.0,"['#d72026', '#f8e92d', '#e67c29', '#efb32b', '#de4a27']","[0.6313333333333333, 0.2806666666666667, 0.028, 0.03133333333333333, 0.028666666666666667]",2,red,True,False,False,True,False,False,False,False,0.998876688453159,0.9909999128540306,True,True,False,False,False,False,True,False,False,False,1:2,High,High,5
ml,ml,Unknown,Unknown,600,400,1.5,"['#fcd115', '#13b43a', '#cd1026', '#aec822', '#ed901b']","[0.32, 0.33, 0.33, 0.01, 0.01]",3,green,True,False,True,True,False,False,False,False,1.0,0.8875816993464052,False,True,True,False,False,False,False,False,False,False,2:3,High,High,5
mm,mm,Unknown,Unknown,600,400,1.5,"['#fefefd', '#e92839', '#fdca00', '#35b133', '#ced4b2']","[0.09066666666666667, 0.31266666666666665, 0.327, 0.254, 0.015666666666666666]",4,green,True,False,True,True,True,False,False,False,0.7152883660130719,0.9984321568627451,True,True,False,False,True,False,False,False,False,False,2:3,Medium,High,6
mn,mn,Unknown,Unknown,600,300,2.0,"['#0066b3', '#da2031', '#fdd202', '#494e88', '#ec7c19']","[0.32, 0.5823333333333334, 0.0525, 0.02, 0.025166666666666667]",3,blue,True,True,False,True,False,False,False,False,0.9591901089324619,0.9424793464052288,False,True,False,False,False,False,True,False,False,True,1:2,High,High,6
mr,mr,Unknown,Unknown,600,400,1.5,"['#01a85b', '#ce1c1f', '#fad601', '#a1c621', '#41b444']","[0.536, 0.4, 0.043, 0.011666666666666667, 0.009333333333333334]",3,green,True,False,True,True,False,False,False,False,0.9488385947712419,0.9982425163398693,True,False,True,False,False,False,True,False,False,False,2:3,High,High,6
mt,mt,Unknown,Unknown,600,400,1.5,"['#fefefe', '#c8102e', '#cbc6c6', '#be979a', '#faebed']","[0.45916666666666667, 0.5, 0.014, 0.0145, 0.012333333333333333]",4,white,True,False,False,True,True,False,False,False,0.9640025163398693,0.3068375490196078,False,True,False,False,True,False,True,False,False,True,2:3,High,Low,7
mu,mu,Unknown,Unknown,600,400,1.5,"['#1b206c', '#ffd500', '#e92739', '#01a550', '#eccc07']","[0.25, 0.21666666666666667, 0.25, 0.25, 0.03333333333333333]",4,yellow,True,True,True,True,False,False,False,False,0.3254901960784313,1.0,True,False,False,False,True,False,False,False,False,False,2:3,Low,High,5
mv,mv,Unknown,Unknown,600,400,1.5,"['#f0f7f3', '#d11034', '#017d3a', '#8b3436', '#6cb48d']","[0.012333333333333333, 0.66, 0.31366666666666665, 0.01, 0.004]",4,red,True,False,True,False,True,False,False,False,0.9993546078431372,0.9839561111111111,False,True,False,False,False,False,False,False,False,False,2:3,High,High,5
mw,mw,Unknown,Unknown,600,400,1.5,"['#cc1125', '#339d34', '#300308', '#750915', '#010000']","[0.366, 0.3333333333333333, 0.017166666666666667, 0.034, 0.2495]",3,red,True,False,True,False,False,True,False,False,0.5925671241830066,0.9951620261437909,True,False,True,False,True,False,False,False,False,True,2:3,Low,High,6
mx,Mexico,North America,Spanish,600,342,1.7543859649122806,"['#7e5a36', '#006847', '#fefefd', '#cd1025', '#c6bdac']","[0.022833333333333334, 0.33316666666666667, 0.2623333333333333, 0.33, 0.051666666666666666]",4,red,True,False,True,False,True,False,False,False,0.9675088101517411,0.31864721171119514,False,True,True,False,True,False,True,False,True,True,Other,High,Low,8
my,Malaysia,Asia,British,600,300,2.0,"['#ca0304', '#fdf6f6', '#040364', '#d66a62', '#eec006']","[0.30833333333333335, 0.333, 0.24116666666666667, 0.086, 0.0315]",4,red,True,True,False,True,True,False,False,False,0.5721071895424836,0.7362295424836601,True,True,False,False,True,False,True,False,False,True,1:2,Low,Medium,8
mz,mz,Unknown,Unknown,600,400,1.5,"['#020000', '#fbdf03', '#037269', '#cf1333', '#d0cfcf']","[0.20116666666666666, 0.28983333333333333, 0.274, 0.18, 0.055]",5,black,True,False,True,True,True,True,False,False,0.7033872875816993,0.856354411764706,True,True,True,False,True,False,True,False,False,True,2:3,Medium,High,10
na,na,Unknown,Unknown,600,400,1.5,"['#ece4e6', '#02367f', '#d21135', '#039443', '#dfbd0f']","[0.088, 0.2845, 0.27466666666666667, 0.3258333333333333, 0.027]",5,white,True,True,True,True,True,False,False,False,0.40744715686274513,0.4110445424836602,True,True,False,False,False,False,True,False,True,False,2:3,Low,Low,8
ne,ne,Unknown,Unknown,600,514,1.1673151750972763,"['#e05206', '#fefefe', '#0db02b', '#f5f3ea', '#f1ae8b']","[0.38466666666666666, 0.24033333333333334, 0.3333333333333333, 0.036333333333333336, 0.005333333333333333]",4,white,True,False,True,True,True,False,False,False,0.9861279977620101,0.9991165280638844,True,True,True,False,True,False,True,False,False,False,Other,High,High,8
ng,Nigeria,Africa,British,600,300,2.0,"['#fefffe', '#008750', '#a9d7c5', '#00834b']","[0.32, 0.64, 0.02, 0.02]",2,green,False,False,True,False,True,False,False,False,1.0,1.0,False,True,True,False,True,False,False,False,False,False,1:2,High,High,4
ni,ni,Unknown,Unknown,600,360,1.6666666666666667,"['#f0eac9', '#0167c6', '#fcfdfd', '#a4c453', '#a2c4c9']","[0.011, 0.6666666666666666, 0.31016666666666665, 0.005166666666666667, 0.007]",3,white,False,True,True,False,True,False,False,False,0.9881369644153958,0.992136456063907,True,False,True,False,True,False,True,False,True,True,3:5,High,High,7
nl,Netherlands,Europe,None,600,400,1.5,"['#feffff', '#21468b', '#ad1b27', '#f2edf1', '#b42f3a']","[0.3, 0.3333333333333333, 0.31666666666666665, 0.03333333333333333, 0.016666666666666666]",3,white,True,True,False,False,True,False,False,False,0.9843333333333333,1.0,True,False,True,False,True,False,False,False,False,False,2:3,High,High,5
no,Norway,Europe,None,600,436,1.3761467889908257,"['#de8e9e', '#b90b2e', '#001e59', '#fbfbfc', '#3b5381']","[0.042, 0.594, 0.17233333333333334, 0.15266666666666667, 0.039]",3,red,True,True,False,False,True,False,False,False,0.995752773280566,0.7818777358038016,True,True,False,False,False,False,False,False,False,False,Other,High,Medium,5
np,Nepal,Asia,None,600,731,0.8207934336525308,"['#000001', '#da143d', '#fef9fa', '#123387', '#ed899d']","[0.4151666666666667, 0.3463333333333333, 0.071, 0.14916666666666667, 0.018333333333333333]",4,red,True,True,False,False,True,True,False,False,0.675298236189453,0.7153242134062927,True,True,False,False,False,False,True,False,False,False,Special (Nepal),Low,Medium,7
nr,nr,Unknown,Unknown,600,300,2.0,"['#002a7f', '#ffc81c', '#80784e', '#f4f6f9', '#6e86b6']","[0.8723333333333333, 0.06666666666666667, 0.03333333333333333, 0.017666666666666667, 0.01]",4,blue,True,True,False,True,True,False,False,False,0.9887152069716776,0.9636319825708061,True,True,False,False,False,False,False,False,False,False,1:2,High,High,6
nz,New Zealand,Oceania,British,600,300,2.0,"['#012169', '#f7f2f4', '#c81331', '#d18b9d', '#4f6496']","[0.7871666666666667, 0.07033333333333333, 0.08616666666666667, 0.034, 0.022333333333333334]",3,blue,True,True,False,False,True,False,False,False,0.8062906318082789,0.8128382570806101,True,True,False,False,True,False,True,False,False,True,1:2,Medium,Medium,7
om,om,Unknown,Unknown,600,300,2.0,"['#fefdfd', '#da161b', '#017f00', '#f5c4c5', '#e86f72']","[0.2515, 0.47983333333333333, 0.25, 0.008833333333333334, 0.009833333333333333]",4,red,True,False,True,True,True,False,False,False,0.6306789106753813,0.9328188671023965,True,True,False,False,True,False,True,False,False,True,1:2,Low,High,8
pa,pa,Unknown,Unknown,600,400,1.5,"['#012855', '#fefefe', '#a6192e', '#b5a0ae', '#eeeaed']","[0.25966666666666666, 0.43933333333333335, 0.25966666666666666, 0.009333333333333334, 0.032]",4,white,True,True,False,False,True,False,False,False,0.4506810784313725,0.5515061764705882,False,False,False,False,True,False,False,False,False,False,2:3,Low,Low,4
pe,Peru,South America,Spanish,600,400,1.5,"['#d81022', '#fefefd', '#d2c0a7', '#3aaa64', '#de9b1f']","[0.665, 0.2445, 0.048666666666666664, 0.0305, 0.011333333333333334]",4,yellow,True,False,True,True,True,False,False,False,0.9624456535947712,0.9666872222222223,False,True,True,False,True,False,True,False,False,True,2:3,High,High,8
pg,pg,Unknown,Unknown,600,450,1.3333333333333333,"['#010000', '#cd1225', '#f8c317', '#ececec', '#7c7c7c']","[0.4771666666666667, 0.444, 0.056, 0.012333333333333333, 0.0105]",5,black,True,False,False,True,True,True,False,False,0.785761394335512,0.6356091793754539,True,True,False,False,False,False,False,False,True,True,Other,Medium,Low,8
ph,Philippines,Asia,Spanish/American,600,300,2.0,"['#0138a7', '#fdfdfc', '#cd1126', '#fcd429', '#f5dd98']","[0.3913333333333333, 0.1625, 0.3908333333333333, 0.026, 0.029333333333333333]",4,yellow,True,True,False,True,True,False,False,False,0.28487947712418304,0.6908343355119826,False,True,True,False,True,False,True,False,False,False,1:2,Low,Low,7
pk,Pakistan,Asia,British,600,400,1.5,"['#fefefe', '#01401b', '#baccc2', '#71947f', '#1b5433']","[0.30083333333333334, 0.6616666666666666, 0.009666666666666667, 0.008833333333333334, 0.019]",3,green,False,False,True,False,True,False,False,False,0.975843725490196,0.5453180392156862,True,True,False,False,True,False,True,False,False,False,2:3,High,Low,6
pl,Poland,Europe,None,600,375,1.6,"['#ffffff', '#dc143c', '#fceaef', '#df284c', '#dc1038']","[0.48333333333333334, 0.4666666666666667, 0.016666666666666666, 0.016666666666666666, 0.016666666666666666]",2,red,True,False,False,False,True,False,False,False,0.3294117647058824,1.0,True,False,False,False,True,False,False,False,False,False,3:5,Low,High,3
pt,Portugal,Europe,None,600,400,1.5,"['#c8c702', '#fe0000', '#026601', '#dcd4e1', '#cf5a26']","[0.04666666666666667, 0.558, 0.34933333333333333, 0.02, 0.026]",4,red,True,False,True,True,True,False,False,False,0.9643083006535947,0.26354594771241835,False,True,True,False,False,False,True,False,True,True,2:3,High,Low,8
pw,pw,Unknown,Unknown,600,375,1.6,"['#fefe00', '#0098fe', '#9dd861', '#49b5b5', '#d9ef25']","[0.16633333333333333, 0.816, 0.005, 0.006666666666666667, 0.006]",4,green,False,True,True,True,False,False,False,False,0.9999880116039286,0.9382502483660131,True,True,True,False,False,False,True,False,False,False,3:5,High,High,8
py,py,Unknown,Unknown,600,330,1.8181818181818181,"['#0038a8', '#fdfcfd', '#d52b1e', '#c0c2bc', '#708f7c']","[0.3333333333333333, 0.3075, 0.3333333333333333, 0.020166666666666666, 0.005666666666666667]",4,gray,True,True,False,False,True,False,False,False,0.8872165973460091,0.9923341255694197,True,False,True,False,True,False,True,False,True,True,Other,High,High,8
qa,Qatar,Middle East,British,600,235,2.5531914893617023,"['#8c1a3c', '#fefefe', '#ca96a6', '#aa556e', '#e7cfd6']","[0.6691666666666667, 0.31216666666666665, 0.005, 0.007666666666666666, 0.006]",2,red,True,False,False,False,True,False,False,False,0.9945836545444389,0.5206420247531637,False,True,True,False,True,False,False,False,False,False,Extra Long,High,Low,4
ro,Romania,Europe,None,600,400,1.5,"['#fcd115', '#002a7f', '#cd1026', '#a79939', '#ed901b']","[0.32, 0.33, 0.33, 0.01, 0.01]",3,yellow,True,True,False,True,False,False,False,False,1.0,0.4248366013071896,False,True,True,False,True,False,False,False,False,False,2:3,High,Low,5
rs,rs,Unknown,Unknown,600,400,1.5,"['#e10246', '#fdfdfd', '#042269', '#ca725c', '#ddc9cb']","[0.32966666666666666, 0.325, 0.25033333333333335, 0.057666666666666665, 0.037333333333333336]",3,red,True,True,False,False,True,False,False,False,0.7639655555555556,0.8564718954248366,True,True,True,False,True,False,True,False,True,True,2:3,Medium,High,8
ru,Russia,Europe,None,600,400,1.5,"['#fffeff', '#13399e', '#d9291c', '#0031a0', '#eaeef7']","[0.31666666666666665, 0.03333333333333333, 0.3333333333333333, 0.3, 0.016666666666666666]",3,white,True,True,False,False,True,False,False,False,0.5738627450980391,1.0,True,False,True,False,True,False,False,False,False,False,2:3,Low,High,5
rw,rw,Unknown,Unknown,600,400,1.5,"['#20603c', '#f7d002', '#01a1dd', '#8db255', '#3ba8a4']","[0.25, 0.2535, 0.4673333333333333, 0.011666666666666667, 0.0175]",3,green,False,True,True,True,False,False,False,False,0.5513705882352942,0.9658822222222222,True,False,False,False,False,False,True,False,False,True,2:3,Low,High,6
sa,Saudi Arabia,Middle East,None,600,400,1.5,"['#006b34', '#6ba98a', '#d4e6dd', '#33885c', '#a3cab6']","[0.8911666666666667, 0.0335, 0.017666666666666667, 0.0265, 0.031166666666666665]",3,green,False,False,True,False,True,False,False,False,0.9310293790849673,0.9596108823529412,True,False,True,False,False,False,True,False,True,True,2:3,High,High,7
sb,sb,Unknown,Unknown,600,300,2.0,"['#215b32', '#0151b9', '#f1cc18', '#e3ecf7', '#658fb1']","[0.44966666666666666, 0.4098333333333333, 0.0975, 0.025833333333333333, 0.017166666666666667]",5,green,False,True,True,True,True,False,False,False,0.8715511111111112,0.8654003485838779,False,False,False,False,False,False,False,False,False,False,1:2,High,High,5
sc,sc,Unknown,Unknown,600,300,2.0,"['#d62928', '#037b3f', '#f7d259', '#fcfcfb', '#013f86']","[0.33, 0.16716666666666666, 0.17616666666666667, 0.16166666666666665, 0.165]",5,red,True,True,True,True,True,False,False,False,0.6956117647058824,0.5625394335511982,True,True,True,False,True,False,False,False,False,False,1:2,Low,Low,8
sd,sd,Unknown,Unknown,600,300,2.0,"['#d11034', '#fdfcfc', '#000100', '#017128', '#71af87']","[0.2961666666666667, 0.23966666666666667, 0.2961666666666667, 0.1655, 0.0025]",5,red,True,False,True,False,True,True,False,False,0.818740697167756,0.8516162527233115,True,True,True,False,True,False,True,False,False,False,1:2,Medium,High,9
se,Sweden,Europe,None,600,375,1.6,"['#0069a7', '#fecc00', '#bbb22b', '#14719a', '#e9c30d']","[0.667, 0.259, 0.016, 0.029, 0.029]",2,yellow,False,True,False,True,False,False,False,False,1.0,0.9098143790849673,True,True,True,False,True,False,False,False,False,False,3:5,High,High,5
sg,Singapore,Asia,British,600,400,1.5,"['#fefefe', '#ec2838', '#f9b9be', '#f3737d', '#ee3c4b']","[0.5193333333333333, 0.43933333333333335, 0.008, 0.009166666666666667, 0.024166666666666666]",3,red,True,False,False,True,True,False,False,False,0.6173343137254902,0.9657327450980392,True,True,False,False,True,False,True,False,False,False,2:3,Low,High,6
si,si,Unknown,Unknown,600,300,2.0,"['#025ce4', '#fe0000', '#fdfefe', '#584d98', '#a4b8e8']","[0.3293333333333333, 0.3333333333333333, 0.32, 0.009, 0.008333333333333333]",3,blue,True,True,False,False,True,False,False,False,0.5383424400871459,0.9691326797385621,True,False,True,False,True,False,False,False,True,False,1:2,Low,High,5
sk,sk,Unknown,Unknown,600,400,1.5,"['#0c4ea1', '#ed1c26', '#fdfdfd', '#f9989b', '#6593c8']","[0.263, 0.38666666666666666, 0.33016666666666666, 0.012166666666666666, 0.008]",4,blue,True,True,False,True,True,False,False,False,0.5675994444444444,0.9234885947712418,True,False,True,False,True,False,True,False,False,False,2:3,Low,High,7
sl,sl,Unknown,Unknown,600,400,1.5,"['#fffffe', '#0172c6', '#1db439', '#eaf5f4', '#31bb4a']","[0.3, 0.3333333333333333, 0.31666666666666665, 0.03333333333333333, 0.016666666666666666]",3,white,False,True,True,False,True,False,False,False,0.9137647058823529,1.0,True,False,True,False,True,False,False,False,False,False,2:3,High,High,5
sm,sm,Unknown,Unknown,600,450,1.3333333333333333,"['#a88611', '#63b4e4', '#fdfefe', '#486646', '#899894']","[0.036333333333333336, 0.44066666666666665, 0.4385, 0.04566666666666667, 0.03883333333333333]",5,red,True,True,True,False,True,False,False,False,0.6203539869281045,0.9553172403776325,True,True,True,False,True,False,True,False,True,True,Other,Low,High,10
sn,Senegal,Africa,French,600,400,1.5,"['#fcef42', '#00843f', '#e21a22', '#a2c840', '#f4a838']","[0.2956666666666667, 0.3486666666666667, 0.33, 0.015666666666666666, 0.01]",3,yellow,True,False,True,True,False,False,False,False,0.9894135620915032,0.3377583333333334,False,True,True,False,True,False,False,False,False,False,2:3,High,Low,5
so,so,Unknown,Unknown,600,400,1.5,"['#fefefe', '#4088dc', '#97beec', '#d2e3f7', '#639ee3']","[0.035666666666666666, 0.9476666666666667, 0.007333333333333333, 0.004666666666666667, 0.004666666666666667]",2,blue,False,True,False,False,True,False,False,False,0.9790741830065359,0.9989128104575163,False,True,True,False,False,False,True,False,False,False,2:3,High,High,5
sr,sr,Unknown,Unknown,600,400,1.5,"['#017a34', '#faf9f9', '#c8112f', '#fdcb00', '#e36f16']","[0.4, 0.2, 0.366, 0.025666666666666667, 0.008333333333333333]",4,red,True,False,True,True,True,False,False,False,0.9858571895424837,0.9990720261437909,True,True,False,False,False,False,False,False,False,False,2:3,High,High,6
ss,ss,Unknown,Unknown,600,300,2.0,"['#db211b', '#088931', '#000101', '#f6f3f2', '#1047ad']","[0.204, 0.263, 0.261, 0.07166666666666667, 0.20033333333333334]",5,red,True,True,True,False,True,True,False,False,0.6547051851851852,0.6959564270152505,True,False,False,False,True,False,True,False,False,False,1:2,Low,Low,7
st,st,Unknown,Unknown,600,300,2.0,"['#facd00', '#12ad2a', '#d21033', '#070600', '#7e650b']","[0.319, 0.5246666666666666, 0.123, 0.017333333333333333, 0.016]",4,red,True,False,True,True,False,True,False,False,0.986495816993464,0.8240272331154684,True,True,True,False,True,False,True,False,False,False,1:2,High,Medium,8
sv,sv,Unknown,Unknown,600,338,1.7751479289940828,"['#0147ab', '#fcfdfd', '#6b9a8d', '#e4dfba', '#258b2d']","[0.6681666666666667, 0.2975, 0.009833333333333333, 0.018833333333333334, 0.005666666666666667]",5,blue,False,True,True,True,True,False,False,False,0.9767929767567777,0.9839668948447229,True,True,True,False,True,False,False,False,True,True,Other,High,High,9
sy,sy,Unknown,Unknown,600,400,1.5,"['#ce1126', '#fcfcfc', '#010101', '#047a3c', '#64ae89']","[0.3333333333333333, 0.3006666666666667, 0.3333333333333333, 0.021, 0.011666666666666667]",5,red,True,False,True,False,True,True,False,False,0.7864737908496732,0.9986949019607844,True,False,True,False,True,False,True,False,False,False,2:3,Medium,High,8
sz,sz,Unknown,Unknown,600,400,1.5,"['#efeded', '#edc90b', '#405eb4', '#af0f0c', '#0d0a0a']","[0.0585, 0.14416666666666667, 0.4031666666666667, 0.33616666666666667, 0.058]",5,white,True,True,False,True,True,True,False,False,0.9486630392156863,0.9685766993464052,True,True,False,False,False,False,True,False,False,True,2:3,High,High,9
td,td,Unknown,Unknown,600,400,1.5,"['#ffcd00', '#001f5b', '#c70f2e', '#a9931f', '#ed8d0f']","[0.32, 0.33, 0.33, 0.01, 0.01]",3,red,True,True,False,True,False,False,False,False,1.0,0.4483660130718954,False,True,True,False,True,False,False,False,False,False,2:3,High,Low,5
tg,tg,Unknown,Unknown,600,370,1.6216216216216217,"['#fef9fa', '#036a4d', '#fccc00', '#d11034', '#e98d9e']","[0.021333333333333333, 0.452, 0.326, 0.19383333333333333, 0.006833333333333334]",4,red,True,False,True,True,True,False,False,False,0.9148502738032149,0.9162655007949125,True,True,False,False,False,False,True,False,False,False,3:5,High,High,7
th,Thailand,Asia,None,600,400,1.5,"['#f4f5f8', '#a51a32', '#2c2949', '#e7e3e8', '#3c3b58']","[0.26666666666666666, 0.3333333333333333, 0.3, 0.06666666666666667, 0.03333333333333333]",4,white,True,True,False,False,True,False,False,False,1.0,1.0,True,False,True,False,True,False,False,False,False,False,2:3,High,High,6
tj,tj,Unknown,Unknown,600,300,2.0,"['#cc0000', '#fefefe', '#006600', '#f9d242', '#eadfc9']","[0.2833333333333333, 0.372, 0.2833333333333333, 0.01633333333333333, 0.045]",4,white,True,False,True,True,True,False,False,False,0.9860264923747276,0.9982767755991285,True,False,True,False,True,False,True,False,False,True,1:2,High,High,8
tl,tl,Unknown,Unknown,600,300,2.0,"['#dc241f', '#010100', '#fac025', '#ececec', '#605128']","[0.7486666666666667, 0.14283333333333334, 0.08233333333333333, 0.015166666666666667, 0.011]",4,red,True,False,False,True,True,True,False,False,0.9950988671023965,0.7137004357298475,False,True,False,False,False,False,False,False,False,False,1:2,High,Medium,5
tm,tm,Unknown,Unknown,600,400,1.5,"['#00833d', '#c53330', '#c9c9b6', '#707747', '#cf7437']","[0.8131666666666667, 0.0665, 0.017666666666666667, 0.03883333333333333, 0.06383333333333334]",3,green,True,False,True,False,False,False,False,False,0.9108993790849673,0.9137173529411765,False,True,False,False,False,False,True,False,True,True,2:3,High,High,6
tn,Tunisia,Africa,French,600,400,1.5,"['#e60013', '#fefdfd', '#f5979f', '#ef5662', '#fad1d4']","[0.894, 0.07266666666666667, 0.010666666666666666, 0.01, 0.012666666666666666]",3,red,True,False,False,True,True,False,False,False,0.99844,0.9777907189542484,True,True,True,False,True,False,True,False,False,False,2:3,High,High,7
to,to,Unknown,Unknown,600,300,2.0,"['#c00000', '#fefdfd', '#ecb1b1', '#d34d4d', '#c61616']","[0.8146666666666667, 0.16, 0.011, 0.004666666666666667, 0.009666666666666667]",3,red,True,False,False,True,True,False,False,False,0.738480871459695,0.738480871459695,True,True,False,False,True,False,False,False,False,False,1:2,Medium,Medium,5
tr,Turkey,Middle East,None,600,400,1.5,"['#fefcfc', '#e20916', '#f28d93', '#f8cacd', '#ea4852']","[0.04833333333333333, 0.926, 0.008, 0.006333333333333333, 0.011333333333333334]",2,red,True,False,False,False,True,False,False,False,0.998381862745098,0.9230191176470588,False,True,False,False,False,False,True,False,False,False,2:3,High,High,4
tt,tt,Unknown,Unknown,600,360,1.6666666666666667,"['#010101', '#ce1126', '#fbf9f9', '#cf999f', '#575757']","[0.19433333333333333, 0.688, 0.08466666666666667, 0.023, 0.01]",5,black,True,False,False,True,True,True,False,False,0.7420291575889615,0.7420234204793028,False,False,False,False,False,False,False,False,False,False,3:5,Medium,Medium,5
tv,tv,Unknown,Unknown,600,300,2.0,"['#029cdc', '#cfbe47', '#c91633', '#f2ecf0', '#0c2a6f']","[0.7133333333333334, 0.05266666666666667, 0.08666666666666667, 0.078, 0.06933333333333333]",4,blue,True,True,False,True,True,False,False,False,0.6164374727668845,0.6312656209150327,False,False,False,False,False,False,True,False,True,True,1:2,Low,Low,6
tw,tw,Unknown,Unknown,600,400,1.5,"['#fd0000', '#010094', '#f7f7fb', '#3d3dae', '#9393d2']","[0.75, 0.202, 0.024, 0.013333333333333334, 0.010666666666666666]",3,blue,True,True,False,False,True,False,False,False,0.6205173529411765,0.6205173529411765,True,True,False,False,False,False,True,False,False,False,2:3,Low,Low,6
tz,Tanzania,Africa,British,600,400,1.5,"['#010100', '#00a3dc', '#1eb53a', '#f6d017', '#87891c']","[0.2916666666666667, 0.2875, 0.29, 0.10633333333333334, 0.0245]",4,green,False,True,True,True,False,True,False,False,0.6630213071895426,0.663021045751634,False,False,False,False,False,False,False,False,False,False,2:3,Low,Low,4
ua,Ukraine,Europe,None,600,400,1.5,"['#0057b7', '#ffd700', '#1461a7', '#ebcd0e', '#0055b8']","[0.4666666666666667, 0.48333333333333334, 0.016666666666666666, 0.016666666666666666, 0.016666666666666666]",2,blue,False,True,False,True,False,False,False,False,0.5058823529411764,1.0,True,False,False,False,True,False,False,False,False,False,2:3,Low,High,3
ug,ug,Unknown,Unknown,600,400,1.5,"['#f8f6f5', '#926f6c', '#f9d804', '#d80100', '#030200']","[0.034666666666666665, 0.014, 0.3335, 0.30833333333333335, 0.3095]",5,white,True,False,False,True,True,True,False,False,0.6659202287581699,0.989551862745098,True,True,False,False,False,False,True,False,False,True,2:3,Low,High,9
us,United States,North America,British,600,315,1.9047619047619047,"['#b12032', '#fdfbfc', '#424172', '#c7a2b0', '#c65d6a']","[0.3333333333333333, 0.3305, 0.17866666666666667, 0.0775, 0.08]",4,red,True,True,False,True,True,False,False,False,0.7627541734315807,0.7277994812739911,True,True,False,False,True,False,True,False,False,True,Other,Medium,Medium,8
uy,uy,Unknown,Unknown,600,400,1.5,"['#0137a7', '#fdfdfe', '#b7861b', '#b2bdd7', '#547ac4']","[0.3258333333333333, 0.5346666666666666, 0.04566666666666667, 0.0665, 0.027333333333333334]",3,blue,True,True,False,False,True,False,False,False,0.8700566993464052,0.8700566993464052,True,True,True,False,True,False,True,False,True,True,2:3,High,High,8
uz,uz,Unknown,Unknown,600,300,2.0,"['#fefefe', '#1db539', '#0299b5', '#a2282f', '#ec9da8']","[0.30633333333333335, 0.31666666666666665, 0.30883333333333335, 0.03333333333333333, 0.034833333333333334]",5,white,True,True,True,True,True,False,False,False,0.39910644880174295,0.9900369934640523,True,False,True,False,True,False,False,False,False,True,1:2,Low,High,8
va,va,Unknown,Unknown,600,600,1.0,"['#fee000', '#cfcac3', '#ab7328', '#bca17c', '#fefefd']","[0.5, 0.0335, 0.025833333333333333, 0.028, 0.4126666666666667]",4,yellow,True,False,False,True,True,False,False,False,0.9527928540305011,0.23930910675381267,False,True,False,False,False,False,True,False,True,True,1:1 (Square),High,Low,7
vc,vc,Unknown,Unknown,600,400,1.5,"['#fcd021', '#017c2d', '#002673', '#6b9f28', '#dfc425']","[0.4003333333333333, 0.311, 0.25, 0.009, 0.029666666666666668]",3,yellow,False,True,True,True,False,False,False,False,0.9773566013071895,0.5792067320261438,False,True,True,False,True,False,False,False,False,False,2:3,High,Low,5
ve,Venezuela,South America,Spanish,600,400,1.5,"['#fdcb00', '#02247c', '#ce142b', '#d0d6e7', '#5f75ad']","[0.3333333333333333, 0.3165, 0.3333333333333333, 0.008, 0.008833333333333334]",4,blue,True,True,False,True,True,False,False,False,0.6817538562091503,0.9981393464052287,True,False,True,False,True,False,True,False,False,False,2:3,Low,High,7
vn,Vietnam,Asia,French,600,400,1.5,"['#d9241d', '#fefd00', '#ed970d', '#e25616', '#f5c607']","[0.9226666666666666, 0.058333333333333334, 0.008333333333333333, 0.006, 0.004666666666666667]",2,yellow,True,False,False,True,False,False,False,False,0.9678175490196078,0.9986946732026144,False,True,True,False,False,False,False,False,False,False,2:3,High,High,4
vu,vu,Unknown,Unknown,600,360,1.6666666666666667,"['#cf0f33', '#009342', '#040300', '#f7cd12', '#8a7109']","[0.31533333333333335, 0.31533333333333335, 0.24583333333333332, 0.07933333333333334, 0.04416666666666667]",4,red,True,False,True,True,False,True,False,False,0.3996872549019608,0.7171407770515614,False,True,False,False,False,False,True,False,False,True,3:5,Low,Medium,7
ws,ws,Unknown,Unknown,600,300,2.0,"['#cd1126', '#012a7e', '#e3e7f1', '#7c92bd', '#2d5095']","[0.75, 0.23283333333333334, 0.006166666666666667, 0.005666666666666667, 0.005333333333333333]",3,blue,True,True,False,False,True,False,False,False,0.5735514161220043,0.5735514161220043,False,False,False,False,False,False,True,False,False,False,1:2,Low,Low,4
ye,ye,Unknown,Unknown,600,400,1.5,"['#fffefe', '#000000', '#ce1126', '#f2eaeb', '#151414']","[0.3, 0.31666666666666665, 0.3333333333333333, 0.03333333333333333, 0.016666666666666666]",3,white,True,False,False,False,True,True,False,False,0.8013137254901961,1.0,True,False,True,False,True,False,False,False,False,False,2:3,Medium,High,5
za,South Africa,Africa,British,600,400,1.5,"['#e2552d', '#037849', '#f2f4f4', '#011589', '#030200']","[0.2668333333333333, 0.30933333333333335, 0.12433333333333334, 0.2105, 0.089]",5,red,True,True,True,False,True,True,False,False,0.8659563071895424,0.5955359803921569,True,True,False,False,False,False,False,False,False,False,2:3,High,Low,7
zm,zm,Unknown,Unknown,600,400,1.5,"['#198900', '#ea7a00', '#050200', '#de1f10', '#9e5c03']","[0.741, 0.08483333333333333, 0.078, 0.06966666666666667, 0.0265]",4,red,True,False,True,False,False,True,False,False,0.9015517647058824,0.7962971241830066,False,True,False,False,False,False,True,False,True,True,2:3,High,Medium,7
zw,zw,Unknown,Unknown,600,300,2.0,"['#fbcf00', '#0d6801', '#ce0601', '#faf9f8', '#020101']","[0.23683333333333334, 0.2851666666666667, 0.23933333333333334, 0.13466666666666666, 0.104]",5,yellow,True,False,True,True,True,True,False,False,0.9845364270152506,0.7811050544662309,True,True,True,False,True,False,True,False,True,True,1:2,High,Medium,10
